name,price,link,image,Available colors
Sieve Demi Bra in Buff,$78,/collections/womens-bras/products/buff-sieve-demi-bra,https://cdn.shopify.com/s/files/1/0221/4866/files/Bra_SieveDemi_Buff_Adelina_01_NN_large.jpg?v=1703226916,Available in 3 colors
Cotton Bralette in Buff,$55,/collections/womens-bras/products/buff-cotton-bralette,https://cdn.shopify.com/s/files/1/0221/4866/products/Bra_CottonBralette_Buff_Adelina_02_large.jpg?v=1718780706,Available in 4 colors
Silky Nursing Bra in Buff,$65,/collections/womens-bras/products/buff-silky-nursing-bra,https://cdn.shopify.com/s/files/1/0221/4866/products/Bra_SilkyNursing_Buff_Kate_02_large.jpg?v=1645028316,Available in 2 colors
Sieve Cutout Bra in Buff + White,$70,/collections/womens-bras/products/buff-white-sieve-cutout-bra,https://cdn.shopify.com/s/files/1/0221/4866/files/Bra_SieveCutout_BuffWhite_Kiara_02_NN_large.jpg?v=1703227088,Available in 11 colors
Sieve Non-Wire Bra in Buff + White,$70,/collections/womens-bras/products/buff-white-sieve-non-wire-bra,https://cdn.shopify.com/s/files/1/0221/4866/files/Bra_SieveNonWire_BuffWhite_Darion_02_NN_large.jpg?v=1703226373,Available in 10 colors
Sieve Cutout Bra in White,$70,/collections/womens-bras/products/white-sieve-cutout-bra,https://cdn.shopify.com/s/files/1/0221/4866/files/Bra_SieveCutoutNW_White_Morgan_02_NN_large.jpg?v=1703227315,Available in 11 colors
Sieve Non-Wire Bra in White,$70,/collections/womens-bras/products/white-sieve-non-wire-bra,https://cdn.shopify.com/s/files/1/0221/4866/files/Bra_SieveNW_White_Sofia_02_NN_large.jpg?v=1703226635,Available in 10 colors
Whipped Bra Top in White,$65,/collections/womens-bras/products/white-whipped-bra-top,https://cdn.shopify.com/s/files/1/0221/4866/products/Bra_WhippedBraTop_White_Adelina_03_large.jpg?v=1660838989,Available in 4 colors
Cotton Bralette in White,$55,/collections/womens-bras/products/white-cotton-bralette,https://cdn.shopify.com/s/files/1/0221/4866/products/Bra_CottonBraTop_White_Ksenia_01_large.jpg?v=1647464371,Available in 4 colors
Whipped Non-Wire Bra in White,$70,/collections/womens-bras/products/white-whipped-non-wire-bra,https://cdn.shopify.com/s/files/1/0221/4866/products/Bra_WhippedNW_White_Adalina_01_large.jpg?v=1645028877,Available in 9 colors
Sieve Triangle Bra in Buff + Black,$70,/collections/womens-bras/products/buff-black-sieve-triangle-bra,https://cdn.shopify.com/s/files/1/0221/4866/files/Bra_SieveTriangle_BuffBlack_Morgan_02_NN_large.jpg?v=1703225722,Available in 8 colors
Stealth Mode Demi Bra in Black,$78,/collections/womens-bras/products/black-stealth-mode-demi-bra,https://cdn.shopify.com/s/files/1/0221/4866/products/Bra_StealthDemi_Black_Paula32C_02_1024x1024_acf5872b-2dde-409f-b067-f8d60f6bd619_large.jpg?v=1652124394,Available in 3 colors
Sieve Balconette Bra in Black,$78,/collections/womens-bras/products/black-sieve-balconette-bra,https://cdn.shopify.com/s/files/1/0221/4866/products/Bra_SieveBalconette_Black_Vitoria_01_large.jpg?v=1665418041,Available in 3 colors
Whipped Triangle Bra in Black,$65,/collections/womens-bras/products/black-whipped-triangle-bra,https://cdn.shopify.com/s/files/1/0221/4866/products/Bra_WhippedTriangle_Black_Aube1_02_large.jpg?v=1633639364,Available in 2 colors
Sieve Demi Bra in Black,$78,/collections/womens-bras/products/black-sieve-demi-bra,https://cdn.shopify.com/s/files/1/0221/4866/files/Bra_SieveDemi_Black_Morgan_01_NN_large.jpg?v=1703226867,Available in 3 colors
Eyelet Lace Cutout Bra in Black,$68,/collections/womens-bras/products/black-eyelet-lace-cutout-bra,https://cdn.shopify.com/s/files/1/0221/4866/products/Bra_EssaouiraCutout_Black_Morgan_02_large.jpg?v=1658437181,Available in 4 colors
Glacé Triangle Bra in Black,$75,/collections/womens-bras/products/black-glace-triangle-bra,https://cdn.shopify.com/s/files/1/0221/4866/products/Bra_GlaceTriangle_Black_Sophia_02_large.jpg?v=1633638561,Available in 7 colors
Sieve Bra Top in Black,$65,/collections/womens-bras/products/black-sieve-bra-top,https://cdn.shopify.com/s/files/1/0221/4866/files/Bra_SieveBraTopPlus_Black_Hannah_01_NN_large.jpg?v=1703227364,Available in 5 colors
Silky Nursing Bra in Black,$65,/collections/womens-bras/products/black-silky-nursing-bra,https://cdn.shopify.com/s/files/1/0221/4866/products/Bra_SilkyNursing_Black_Sofia_01_large.jpg?v=1642621762,Available in 2 colors
Sieve Triangle Bra in Black,$70,/collections/womens-bras/products/black-sieve-triangle-bra,https://cdn.shopify.com/s/files/1/0221/4866/files/Bra_SieveTriangle_Black_Aube1_01_NN_large.jpg?v=1703225683,Available in 8 colors
Cotton Bralette in Black,$55,/collections/womens-bras/products/black-cotton-bralette,https://cdn.shopify.com/s/files/1/0221/4866/products/Bra_CottonBraTop_Black_Ksenia_02_large.jpg?v=1633638615,Available in 4 colors
Whipped Bra Top in Black,$65,/collections/womens-bras/products/black-whipped-bra-top,https://cdn.shopify.com/s/files/1/0221/4866/products/Bra_WhippedBraTop_Black_Ksenia_02_large.jpg?v=1634654381,Available in 4 colors
Sieve Racerback Bra in Black,$70,/collections/womens-bras/products/black-sieve-racerback-bra,https://cdn.shopify.com/s/files/1/0221/4866/products/Bra_SieveRacerback_Black_Eryn_04_large.jpg?v=1675088267,Available in 6 colors
Whipped Non-Wire Bra in Heather Grey,$70,/collections/womens-bras/products/heather-grey-whipped-non-wire-bra,https://cdn.shopify.com/s/files/1/0221/4866/products/Bra_WhippedNW_HeatherGrey_Morgan_01_large.jpg?v=1658412483,Available in 9 colors
Sieve Cutout Bra in Graphite,$70,/collections/womens-bras/products/graphite-sieve-cutout-bra,https://cdn.shopify.com/s/files/1/0221/4866/files/Bra_SieveCutout_Graphite_Adelina_02_NN_large.jpg?v=1703227187,Available in 11 colors
Whipped Non-Wire Bra in Graphite,$70,/collections/womens-bras/products/graphite-whipped-non-wire-bra,https://cdn.shopify.com/s/files/1/0221/4866/products/Bra_WhippedNonWire_Graphite_Hannah_01_large.jpg?v=1703225108,Available in 9 colors
Sieve Non-Wire Bra in Graphite,$70,/collections/womens-bras/products/graphite-sieve-non-wire-bra,https://cdn.shopify.com/s/files/1/0221/4866/files/Bra_SieveNWPlus_Graphite_Vitoria_02_NN_large.jpg?v=1703226499,Available in 10 colors
Sieve Cutout Bra in Slate,$70,/collections/womens-bras/products/slate-sieve-cutout-bra,https://cdn.shopify.com/s/files/1/0221/4866/files/Bra_SieveCutout_Slate_Adelina_01_NN_large.jpg?v=1703272277,Available in 11 colors
Sieve Bra Top in Slate,$65,/collections/womens-bras/products/slate-sieve-bra-top,https://cdn.shopify.com/s/files/1/0221/4866/files/Bra_SieveBraTop_Slate_Ksenia_02_NN_large.jpg?v=1703272306,Available in 5 colors
Sieve Non-Wire Bra in Slate,$70,/collections/womens-bras/products/slate-sieve-non-wire-bra,https://cdn.shopify.com/s/files/1/0221/4866/files/Bra_SieveNW_Slate_Sofia_02_NN_large.jpg?v=1703226607,Available in 10 colors
Sieve Triangle Bra in Slate,$70,/collections/womens-bras/products/slate-sieve-triangle-bra,https://cdn.shopify.com/s/files/1/0221/4866/products/Bra_SieveTriangle_Slate_Aube1_01_large.jpg?v=1703225988,Available in 8 colors
Sieve Cutout Bra in Navy,$70,/collections/womens-bras/products/navy-sieve-cutout-bra,https://cdn.shopify.com/s/files/1/0221/4866/files/Bra_SieveCutout_Navy_Adelina_01_NN_large.jpg?v=1703227216,Available in 11 colors
Sieve Bra Top in Navy,$65,/collections/womens-bras/products/navy-sieve-bra-top,https://cdn.shopify.com/s/files/1/0221/4866/files/Bra_SieveBraTopPlus_Navy_Vitoria_02_NN_large.jpg?v=1703227563,Available in 5 colors
Sieve Non-Wire Bra in Navy,$70,/collections/womens-bras/products/navy-sieve-non-wire-bra,https://cdn.shopify.com/s/files/1/0221/4866/files/Bra_SieveNW_Navy_Ksenia_02_NN_large.jpg?v=1703226536,Available in 10 colors
Sieve Triangle Bra in Navy,$70,/collections/womens-bras/products/navy-sieve-triangle-bra,https://cdn.shopify.com/s/files/1/0221/4866/files/Bra_SieveTriangle_Navy_Brittney_01_NN_large.jpg?v=1703225894,Available in 8 colors
Whipped Non-Wire Bra in Navy,$70,/collections/womens-bras/products/navy-whipped-non-wire-bra,https://cdn.shopify.com/s/files/1/0221/4866/products/Bra_WhippedNW_Navy_Adelina_03_large.jpg?v=1660057357,Available in 9 colors
Whipped Bra Top in Navy,$65,/collections/womens-bras/products/navy-whipped-bra-top,https://cdn.shopify.com/s/files/1/0221/4866/products/Bra_WhippedBraTop_Navy_Ksenia_01_large.jpg?v=1641245161,Available in 4 colors
Glacé Mini Bra in Cobalt,$75,/collections/womens-bras/products/cobalt-glace-mini-bra,https://cdn.shopify.com/s/files/1/0221/4866/files/Bras_GlaceMiniBra_Cobalt_Essence_02_large.jpg?v=1707151671,Available in 4 colors
Serpente Mini Bra in Cobalt,$78,/collections/womens-bras/products/cobalt-serpente-mini-bra,https://cdn.shopify.com/s/files/1/0221/4866/files/Bras_SerpenteMiniBra_Cobalt_Santana_01_large.jpg?v=1731512543,Available in 3 colors
Sieve Cutout Bra in Orchid,$70,/collections/womens-bras/products/orchid-sieve-cutout-bra,https://cdn.shopify.com/s/files/1/0221/4866/files/Bras_SieveCutout_Orchid_Nicki_01_NoNipple_large.jpg?v=1705330262,Available in 11 colors
Cotton Triangle Bra in Black,$55,/collections/womens-bras/products/black-cotton-triangle-bra,https://cdn.shopify.com/s/files/1/0221/4866/products/Bra_CottonTriangle_Black_Ksenia_01_large.jpg?v=1643925118,Available in 2 colors
Cotton Triangle Bra in Buff,$55,/collections/womens-bras/products/buff-cotton-triangle-bra,https://cdn.shopify.com/s/files/1/0221/4866/products/Bra_CottonTriangle_Buff_Aube1_02_large.jpg?v=1643042583,Available in 2 colors
Sieve Demi Bra in Peach,$78,/collections/womens-bras/products/peach-sieve-demi-bra,https://cdn.shopify.com/s/files/1/0221/4866/products/Bra_SieveDemi_Peach_Paula32C_02_1024x1024_1024x1024_6be99a82-66ef-4b9c-b1be-ab28873d7a5f_large.jpg?v=1652474080,Available in 3 colors
Sieve Trim Bralette in Black,$70,/collections/womens-bras/products/black-sieve-trim-bralette,https://cdn.shopify.com/s/files/1/0221/4866/files/Bra_SieveTrim_Black_Ksenia_02_NN_large.jpg?v=1703225542,
Eyelet Lace Cutout Bra in Buff,$68,/collections/womens-bras/products/buff-eyelet-lace-cutout-bra,https://cdn.shopify.com/s/files/1/0221/4866/products/Bra_EssaouiraCutout_Buff_Morgan_01_large.jpg?v=1703228210,Available in 4 colors
Eyelet Lace Cutout Bra in White,$68,/collections/womens-bras/products/white-eyelet-lace-cutout-bra,https://cdn.shopify.com/s/files/1/0221/4866/products/Bra_EssaouiraCutout_White_Adelina_02_large.jpg?v=1658437158,Available in 4 colors
Eyelet Lace Non-Wire Bra in White,$65,/collections/womens-bras/products/white-eyelet-lace-non-wire-bra,https://cdn.shopify.com/s/files/1/0221/4866/files/Bra_EssaouiraNW_White_Ksenia_01_NN_large.jpg?v=1703228132,Available in 2 colors
Eyelet Lace Non-Wire Bra in Black,$65,/collections/womens-bras/products/black-eyelet-lace-non-wire-bra,https://cdn.shopify.com/s/files/1/0221/4866/products/Bra_EssaouiraNonWire_Black_Gisselle1_02_large.jpg?v=1703228099,Available in 2 colors
Eyelet Lace Triangle Bra in White,$65,/collections/womens-bras/products/white-eyelet-lace-triangle-bra,https://cdn.shopify.com/s/files/1/0221/4866/files/Bra_EssaouiraTri_White_Morgan_01_NN_large.jpg?v=1703228040,Available in 2 colors
Glacé Non-Wire Bra in Buff,$75,/collections/womens-bras/products/buff-glace-non-wire-bra,https://cdn.shopify.com/s/files/1/0221/4866/products/Bra_GlaceNonWire_Buff_Adalina_02_large.jpg?v=1698175763,Available in 3 colors
Glacé Non-Wire Bra in Navy,$75,/collections/womens-bras/products/navy-glace-non-wire-bra,https://cdn.shopify.com/s/files/1/0221/4866/products/Bra_GlaceNonWire_Navy_Ksenia_01_large.jpg?v=1670001960,Available in 3 colors
Silky Non-Wire Bra in Black,$60,/collections/womens-bras/products/black-silky-non-wire-bra,https://cdn.shopify.com/s/files/1/0221/4866/products/Bra_SilkyNonWire2_Black_Hannah436DD_03_large.jpg?v=1677277600,Available in 2 colors
Silky Non-Wire Bra in Buff,$60,/collections/womens-bras/products/buff-silky-non-wire-bra,https://cdn.shopify.com/s/files/1/0221/4866/products/Bra_SilkyNonWire2_Buff_Shereen32C_02_1024x1024_51c837ba-b041-48a9-99dc-c55fa1ead3d7_large.jpg?v=1633721689,Available in 2 colors
Glacé Triangle Bra in Peach,$75,/collections/womens-bras/products/peach-glace-triangle-bra,https://cdn.shopify.com/s/files/1/0221/4866/files/Bra_GlaceTriangle_Peach_Ksenia_03_NN_large.jpg?v=1703227896,Available in 7 colors
Sieve Racerback Bra in Glacier,$70,/collections/womens-bras/products/glacier-sieve-racerback-bra,https://cdn.shopify.com/s/files/1/0221/4866/files/Bra_SieveRacerback_Glacier_Ksenia_03_NN_large.jpg?v=1703226180,Available in 6 colors
